{
    "optmized": {
        "total": 34.34418869018555,
        "iterations": [
            6.91850471496582,
            7.040179491043091,
            6.729010820388794,
            6.9424402713775635,
            6.714053392410278
        ]
    },
    "unoptmized": {
        "total": 0.09973335266113281,
        "iterations": [
            0.02593064308166504,
            0.01795172691345215,
            0.018947839736938477,
            0.0189511775970459,
            0.01795196533203125
        ]
    }
}